<?xml version="1.0" encoding="UTF-8"?>
<!DOCTYPE log4j:configuration PUBLIC "-//APACHE//DTD LOG4J 1.2//EN" "log4j.dtd">
<log4j:configuration xmlns:log4j="http://jakarta.apache.org/log4j/">
	<!-- Appenders -->
	<appender name="console" class="org.apache.log4j.ConsoleAppender">
		<param name="Target" value="System.out" />
		<layout class="org.apache.log4j.PatternLayout">
			<param name="ConversionPattern" value="%-5p: %c - %m%n" />
		</layout>
	</appender>
	<appender name="file" class="org.apache.log4j.DailyRollingFileAppender">
		<param name="File" value="../logs/pies.log" />
		<param name="DatePattern" value="'.'yyyy-MM-dd'.log'" />
		<param name="Append" value="true" />
		<layout class="org.apache.log4j.PatternLayout">
			<param name="ConversionPattern" value="[%d{MMdd HH:mm:ss SSS\} %-5p] [%t] %c{3\} - %m%n" />
		</layout>
	</appender>
	<!-- Application Loggers -->

	<logger name="com.hpp.intercepter">
		<level value="error" />
	</logger>
	<logger name="com.hpp.persistence.UploadOperateRecordMapper">
		<level value="error" />
	</logger>
	<logger name="com.hpp.persistence">
		<level value="error" />
	</logger>
	<!-- 3rdparty Loggers -->
	<logger name="org.springframework">
		<level value="error" />
	</logger>
	<logger name="org.mybatis">
		<level value="error" />
	</logger>
	<logger name="org.apache.ibatis">
		<level value="error" />
	</logger>

	<logger name="com.google.code.yanf4j">
		<level value="error" />
	</logger>
	<logger name="net.rubyeye.xmemcached">
		<level value="error" />
	</logger>

	<!-- Root Logger -->
	<root>
		<priority value="error" />
		<appender-ref ref="console" />
		<appender-ref ref="file" />
	</root>
</log4j:configuration>