<?xml version="1.0" encoding="UTF-8"?>
<beans xmlns="http://www.springframework.org/schema/beans"
	xmlns:xsi="http://www.w3.org/2001/XMLSchema-instance" xmlns:p="http://www.springframework.org/schema/p"
	xmlns:aop="http://www.springframework.org/schema/aop" xmlns:tx="http://www.springframework.org/schema/tx"
	xmlns:context="http://www.springframework.org/schema/context"
	xsi:schemaLocation="http://www.springframework.org/schema/beans http://www.springframework.org/schema/beans/spring-beans.xsd
       http://www.springframework.org/schema/aop http://www.springframework.org/schema/aop/spring-aop.xsd
       http://www.springframework.org/schema/context http://www.springframework.org/schema/context/spring-context.xsd
       http://www.springframework.org/schema/tx http://www.springframework.org/schema/tx/spring-tx.xsd
       http://www.springframework.org/schema/task http://www.springframework.org/schema/task/spring-task-3.2.xsd">

	<aop:aspectj-autoproxy />
	<context:component-scan base-package="com.*"></context:component-scan>

	<bean id="propertyConfigurer"
		class="org.springframework.beans.factory.config.PropertyPlaceholderConfigurer"
		p:location="classpath:conf/application.properties" />
		
 
 
	<bean id="dataSource" class="com.hpp.utils.ConfigEncrypt"
		destroy-method="close">
		<property name="connectionProperties" value="config.decrypt=true" />
		<property name="driverClassName" value="${jdbc.driverClassName}" />
		<property name="url" value="${jdbc.url}" />
		<property name="username" value="${jdbc.username}" />
		<property name="password" value="${jdbc.password}" />
	<!-- 配置初始化大小、最小、最大 -->
		<property name="initialSize" value="10" />
		<property name="minIdle" value="10" />
		<property name="maxActive" value="100" />

		<!-- 配置获取连接等待超时的时间 -->
		<property name="maxWait" value="60000" />

		<!-- 配置间隔多久才进行一次检测，检测需要关闭的空闲连接，单位是毫秒 -->
		<property name="timeBetweenEvictionRunsMillis" value="60000" />

		<!-- 配置一个连接在池中最小生存的时间，单位是毫秒 -->
		<property name="minEvictableIdleTimeMillis" value="300000" />

		<property name="validationQuery" value="SELECT 'x'" />
		<property name="testWhileIdle" value="true" />
		<property name="testOnBorrow" value="false" />
		<property name="testOnReturn" value="false" />
		<!-- 配置监控统计拦截的filters -->
		<property name="filters" value="stat" />
	</bean>
	
	<bean id="sessionFactory" class="org.mybatis.spring.SqlSessionFactoryBean">  
       <property name="dataSource" ref="dataSource" />  
       <property name="mapperLocations" value="classpath:mybatis/com/hpp/persistence/*.xml" />  
       <property name="typeAliasesPackage" value="com.hpp.model" />  
   </bean>  
	<bean class="org.mybatis.spring.mapper.MapperScannerConfigurer">
        <property name="sqlSessionFactoryBeanName" value="sessionFactory" />
        <property name="basePackage" value="com.hpp.persistence" />
    </bean>

	<bean id="transactionManager"
		class="org.springframework.jdbc.datasource.DataSourceTransactionManager"  lazy-init="true">
        <property name="dataSource" ref="dataSource" />
        <qualifier value="isap" />
    </bean>

	<!-- <tx:annotation-driven transaction-manager="transactionManager" /> -->

	<tx:advice id="txAdvice" transaction-manager="transactionManager">
		<tx:attributes>
			<tx:method name="add*" propagation="REQUIRED" />
			<tx:method name="save*" propagation="REQUIRED" />
			<tx:method name="insert*" propagation="REQUIRED" />
			<tx:method name="del*" propagation="REQUIRED" />
			<tx:method name="update*" propagation="REQUIRED" />
			<tx:method name="modify*" propagation="REQUIRED" />
			<tx:method name="main*" propagation="REQUIRED" />
		<!-- 	<tx:method name="*" read-only="true" /> -->
		</tx:attributes>
	</tx:advice>

	<aop:config>
		<aop:pointcut id="myPoint"
			expression=" execution(*  com.hpp.service.*.*(..))  " />
		<aop:advisor advice-ref="txAdvice" pointcut-ref="myPoint"/>
	</aop:config>


 
</beans>
