<?xml version="1.0" encoding="UTF-8" ?>
<!DOCTYPE mapper PUBLIC "-//mybatis.org//DTD Mapper 3.0//EN" "http://mybatis.org/dtd/mybatis-3-mapper.dtd" >
<mapper namespace="com.hpp.persistence.FileTypeMapper" >
  <resultMap id="BaseResultMap" type="com.hpp.model.FileType" >
    <id column="id" property="id" jdbcType="INTEGER" />
    <result column="type_name" property="typeName" jdbcType="VARCHAR" />
    <result column="ctime" property="ctime" jdbcType="VARCHAR" />
    <result column="status" property="status" jdbcType="TINYINT" />
  </resultMap>
  <sql id="Base_Column_List" >
    id, type_name, ctime, status
  </sql>
  <select id="selectByPrimaryKey" resultMap="BaseResultMap" parameterType="java.lang.Integer" >
    select 
    <include refid="Base_Column_List" />
    from db_file_type
    where id = #{id,jdbcType=INTEGER}
  </select>
  <delete id="deleteByPrimaryKey" parameterType="java.lang.Integer" >
    delete from db_file_type
    where id = #{id,jdbcType=INTEGER}
  </delete>
  <insert id="insert" parameterType="com.hpp.model.FileType" >
    insert into db_file_type (id, type_name, ctime, 
      status)
    values (#{id,jdbcType=INTEGER}, #{typeName,jdbcType=VARCHAR}, #{ctime,jdbcType=VARCHAR}, 
      #{status,jdbcType=TINYINT})
  </insert>
  <insert id="insertSelective" parameterType="com.hpp.model.FileType" >
    insert into db_file_type
    <trim prefix="(" suffix=")" suffixOverrides="," >
      <if test="id != null" >
        id,
      </if>
      <if test="typeName != null" >
        type_name,
      </if>
      <if test="ctime != null" >
        ctime,
      </if>
      <if test="status != null" >
        status,
      </if>
    </trim>
    <trim prefix="values (" suffix=")" suffixOverrides="," >
      <if test="id != null" >
        #{id,jdbcType=INTEGER},
      </if>
      <if test="typeName != null" >
        #{typeName,jdbcType=VARCHAR},
      </if>
      <if test="ctime != null" >
        #{ctime,jdbcType=VARCHAR},
      </if>
      <if test="status != null" >
        #{status,jdbcType=TINYINT},
      </if>
    </trim>
  </insert>
  <update id="updateByPrimaryKeySelective" parameterType="com.hpp.model.FileType" >
    update db_file_type
    <set >
      <if test="typeName != null" >
        type_name = #{typeName,jdbcType=VARCHAR},
      </if>
      <if test="ctime != null" >
        ctime = #{ctime,jdbcType=VARCHAR},
      </if>
      <if test="status != null" >
        status = #{status,jdbcType=TINYINT},
      </if>
    </set>
    where id = #{id,jdbcType=INTEGER}
  </update>
  <update id="updateByPrimaryKey" parameterType="com.hpp.model.FileType" >
    update db_file_type
    set type_name = #{typeName,jdbcType=VARCHAR},
      ctime = #{ctime,jdbcType=VARCHAR},
      status = #{status,jdbcType=TINYINT}
    where id = #{id,jdbcType=INTEGER}
  </update>
  <select id="selectFileTypeList" parameterType="java.util.Map" resultMap="BaseResultMap">
  	select 
    <include refid="Base_Column_List" />
    from db_file_type
    <where>
      <if test="id != null" >
        and id = #{id,jdbcType=INTEGER}
      </if>
      <if test="name != null" >
        and type_name = #{name,jdbcType=VARCHAR}
      </if>
      <if test="status != null" >
        and status = #{status,jdbcType=TINYINT}
      </if>
      <if test="list != null and list.length &gt; 0" >
        and id in
        	<foreach collection="list" item="item" open="(" close=")" separator=",">
        		#{item}
        	</foreach>
      </if>
    </where>
  </select>
</mapper>