<?xml version="1.0" encoding="UTF-8" ?>
<!DOCTYPE mapper PUBLIC "-//mybatis.org//DTD Mapper 3.0//EN" "http://mybatis.org/dtd/mybatis-3-mapper.dtd" >
<mapper namespace="com.hpp.persistence.InfoLabelMapper" >
  <resultMap id="BaseResultMap" type="com.hpp.model.InfoLabel" >
    <id column="id" property="id" jdbcType="INTEGER" />
    <result column="file_id" property="fileId" jdbcType="INTEGER" />
    <result column="label_list_id" property="labelListId" jdbcType="INTEGER" />
  </resultMap>
  <sql id="Base_Column_List" >
    id, file_id, label_list_id
  </sql>
  <select id="selectByPrimaryKey" resultMap="BaseResultMap" parameterType="java.lang.Integer" >
    select 
    <include refid="Base_Column_List" />
    from db_info_label
    where id = #{id,jdbcType=INTEGER}
  </select>
  <delete id="deleteByPrimaryKey" parameterType="java.lang.Integer" >
    delete from db_info_label
    where id = #{id,jdbcType=INTEGER}
  </delete>
  <insert id="insert" parameterType="com.hpp.model.InfoLabel" >
    insert into db_info_label (id, file_id, label_list_id
      )
    values (#{id,jdbcType=INTEGER}, #{fileId,jdbcType=INTEGER}, #{labelListId,jdbcType=INTEGER}
      )
  </insert>
  <insert id="insertSelective" parameterType="com.hpp.model.InfoLabel" >
    insert into db_info_label
    <trim prefix="(" suffix=")" suffixOverrides="," >
      <if test="id != null" >
        id,
      </if>
      <if test="fileId != null" >
        file_id,
      </if>
      <if test="labelListId != null" >
        label_list_id,
      </if>
    </trim>
    <trim prefix="values (" suffix=")" suffixOverrides="," >
      <if test="id != null" >
        #{id,jdbcType=INTEGER},
      </if>
      <if test="fileId != null" >
        #{fileId,jdbcType=INTEGER},
      </if>
      <if test="labelListId != null" >
        #{labelListId,jdbcType=INTEGER},
      </if>
    </trim>
  </insert>
  <update id="updateByPrimaryKeySelective" parameterType="com.hpp.model.InfoLabel" >
    update db_info_label
    <set >
      <if test="fileId != null" >
        file_id = #{fileId,jdbcType=INTEGER},
      </if>
      <if test="labelListId != null" >
        label_list_id = #{labelListId,jdbcType=INTEGER},
      </if>
    </set>
    where id = #{id,jdbcType=INTEGER}
  </update>
  <update id="updateByPrimaryKey" parameterType="com.hpp.model.InfoLabel" >
    update db_info_label
    set file_id = #{fileId,jdbcType=INTEGER},
      label_list_id = #{labelListId,jdbcType=INTEGER}
    where id = #{id,jdbcType=INTEGER}
  </update>
  <delete id="deleteInfoLabelByFileId" parameterType="java.lang.Integer">
  	delete from db_info_label
  	where file_id = #{fileId,jdbcType=INTEGER}
  </delete>
  <select id="getInfoLabelList" parameterType="java.lang.Integer" resultMap="BaseResultMap">
    select 
    <include refid="Base_Column_List" />
    from db_info_label
    <where>
    	<if test="fileId != null" >
        	and file_id = #{fileId,jdbcType=INTEGER}
      	</if>
    </where>
  </select>
</mapper>