<?xml version="1.0" encoding="UTF-8" ?>
<!DOCTYPE mapper PUBLIC "-//mybatis.org//DTD Mapper 3.0//EN" "http://mybatis.org/dtd/mybatis-3-mapper.dtd" >
<mapper namespace="com.hpp.persistence.InfoTypeMapper" >
  <resultMap id="BaseResultMap" type="com.hpp.model.InfoType" >
    <id column="id" property="id" jdbcType="INTEGER" />
    <result column="file_id" property="fileId" jdbcType="INTEGER" />
    <result column="file_type_id" property="fileTypeId" jdbcType="INTEGER" />
  </resultMap>
  <sql id="Base_Column_List" >
    id, file_id, file_type_id
  </sql>
  <select id="selectByPrimaryKey" resultMap="BaseResultMap" parameterType="java.lang.Integer" >
    select 
    <include refid="Base_Column_List" />
    from db_info_type
    where id = #{id,jdbcType=INTEGER}
  </select>
  <delete id="deleteByPrimaryKey" parameterType="java.lang.Integer" >
    delete from db_info_type
    where id = #{id,jdbcType=INTEGER}
  </delete>
  <insert id="insert" parameterType="com.hpp.model.InfoType" >
    insert into db_info_type (id, file_id, file_type_id
      )
    values (#{id,jdbcType=INTEGER}, #{fileId,jdbcType=INTEGER}, #{fileTypeId,jdbcType=INTEGER}
      )
  </insert>
  <insert id="insertSelective" parameterType="com.hpp.model.InfoType" >
    insert into db_info_type
    <trim prefix="(" suffix=")" suffixOverrides="," >
      <if test="id != null" >
        id,
      </if>
      <if test="fileId != null" >
        file_id,
      </if>
      <if test="fileTypeId != null" >
        file_type_id,
      </if>
    </trim>
    <trim prefix="values (" suffix=")" suffixOverrides="," >
      <if test="id != null" >
        #{id,jdbcType=INTEGER},
      </if>
      <if test="fileId != null" >
        #{fileId,jdbcType=INTEGER},
      </if>
      <if test="fileTypeId != null" >
        #{fileTypeId,jdbcType=INTEGER},
      </if>
    </trim>
  </insert>
  <update id="updateByPrimaryKeySelective" parameterType="com.hpp.model.InfoType" >
    update db_info_type
    <set >
      <if test="fileId != null" >
        file_id = #{fileId,jdbcType=INTEGER},
      </if>
      <if test="fileTypeId != null" >
        file_type_id = #{fileTypeId,jdbcType=INTEGER},
      </if>
    </set>
    where id = #{id,jdbcType=INTEGER}
  </update>
  <update id="updateByPrimaryKey" parameterType="com.hpp.model.InfoType" >
    update db_info_type
    set file_id = #{fileId,jdbcType=INTEGER},
      file_type_id = #{fileTypeId,jdbcType=INTEGER}
    where id = #{id,jdbcType=INTEGER}
  </update>
  <delete id="deleteInfoTypeByFileId" parameterType="java.lang.Integer">
  	delete from db_info_type
  	where file_id = #{fileId,jdbcType=INTEGER}
  </delete>
  <select id="getInfoTypeList" parameterType="java.lang.Integer" resultMap="BaseResultMap">
    select 
    <include refid="Base_Column_List" />
    from db_info_type
    <where>
    	<if test="fileId != null" >
        	and file_id = #{fileId,jdbcType=INTEGER}
      	</if>
    </where>
  </select>
</mapper>