<?xml version="1.0" encoding="UTF-8" ?>
<!DOCTYPE mapper PUBLIC "-//mybatis.org//DTD Mapper 3.0//EN" "http://mybatis.org/dtd/mybatis-3-mapper.dtd" >
<mapper namespace="com.hpp.persistence.SysUserMapper" >
  <resultMap id="BaseResultMap" type="com.hpp.model.SysUser" >
    <id column="id" property="id" jdbcType="INTEGER" />
    <result column="name" property="name" jdbcType="VARCHAR" />
    <result column="password" property="password" jdbcType="VARCHAR" />
    <result column="telphone" property="telphone" jdbcType="VARCHAR" />
    <result column="status" property="status" jdbcType="TINYINT" />
    <result column="ctime" property="ctime" jdbcType="BIGINT" />
    <result column="role_id" property="roleId" jdbcType="INTEGER" />
    <result column="count" property="count" jdbcType="INTEGER" />
    <!-- collection一对多关系    association为一对一关系 -->
    <!-- <collection property="role" column="role_id"
    	select="com.hpp.model.SysRoleMapper.selectByPrimaryKey"></collection> -->
  </resultMap>
  <sql id="Base_Column_List" >
    id, name, password, telphone, status, ctime, role_id, count
  </sql>
  <select id="selectByPrimaryKey" resultMap="BaseResultMap" parameterType="java.lang.Integer" >
    select 
    <include refid="Base_Column_List" />
    from sys_user
    where id = #{id,jdbcType=INTEGER}
  </select>
  <delete id="deleteByPrimaryKey" parameterType="java.lang.Integer" >
    delete from sys_user
    where id = #{id,jdbcType=INTEGER}
  </delete>
  <insert id="insert" parameterType="com.hpp.model.SysUser" >
    insert into sys_user (id, name, password, 
      telphone, status, ctime, 
      role_id, count)
    values (#{id,jdbcType=INTEGER}, #{name,jdbcType=VARCHAR}, #{password,jdbcType=VARCHAR}, 
      #{telphone,jdbcType=VARCHAR}, #{status,jdbcType=TINYINT}, #{ctime,jdbcType=BIGINT}, 
      #{roleId,jdbcType=INTEGER}, #{count,jdbcType=INTEGER})
  </insert>
  <insert id="insertSelective" parameterType="com.hpp.model.SysUser" >
    insert into sys_user
    <trim prefix="(" suffix=")" suffixOverrides="," >
      <if test="id != null" >
        id,
      </if>
      <if test="name != null" >
        name,
      </if>
      <if test="password != null" >
        password,
      </if>
      <if test="telphone != null" >
        telphone,
      </if>
      <if test="status != null" >
        status,
      </if>
      <if test="ctime != null" >
        ctime,
      </if>
      <if test="roleId != null" >
        role_id,
      </if>
      <if test="count != null" >
        count,
      </if>
    </trim>
    <trim prefix="values (" suffix=")" suffixOverrides="," >
      <if test="id != null" >
        #{id,jdbcType=INTEGER},
      </if>
      <if test="name != null" >
        #{name,jdbcType=VARCHAR},
      </if>
      <if test="password != null" >
        #{password,jdbcType=VARCHAR},
      </if>
      <if test="telphone != null" >
        #{telphone,jdbcType=VARCHAR},
      </if>
      <if test="status != null" >
        #{status,jdbcType=TINYINT},
      </if>
      <if test="ctime != null" >
        #{ctime,jdbcType=BIGINT},
      </if>
      <if test="roleId != null" >
        #{roleId,jdbcType=INTEGER},
      </if>
      <if test="count != null" >
        #{count,jdbcType=INTEGER},
      </if>
    </trim>
  </insert>
  <update id="updateByPrimaryKeySelective" parameterType="com.hpp.model.SysUser" >
    update sys_user
    <set >
      <if test="name != null" >
        name = #{name,jdbcType=VARCHAR},
      </if>
      <if test="password != null" >
        password = #{password,jdbcType=VARCHAR},
      </if>
      <if test="telphone != null" >
        telphone = #{telphone,jdbcType=VARCHAR},
      </if>
      <if test="status != null" >
        status = #{status,jdbcType=TINYINT},
      </if>
      <if test="ctime != null" >
        ctime = #{ctime,jdbcType=BIGINT},
      </if>
      <if test="roleId != null" >
        role_id = #{roleId,jdbcType=INTEGER},
      </if>
      <if test="count != null" >
        count = #{count,jdbcType=INTEGER},
      </if>
    </set>
    where id = #{id,jdbcType=INTEGER}
  </update>
  <update id="updateByPrimaryKey" parameterType="com.hpp.model.SysUser" >
    update sys_user
    set name = #{name,jdbcType=VARCHAR},
      password = #{password,jdbcType=VARCHAR},
      telphone = #{telphone,jdbcType=VARCHAR},
      status = #{status,jdbcType=TINYINT},
      ctime = #{ctime,jdbcType=BIGINT},
      role_id = #{roleId,jdbcType=INTEGER},
      count = #{count,jdbcType=INTEGER}
    where id = #{id,jdbcType=INTEGER}
  </update>
  <select id="selectUserByName" parameterType="java.lang.String" resultMap="BaseResultMap">
  	select 
    <include refid="Base_Column_List" />
    from sys_user
    where name = #{name,jdbcType=VARCHAR}
  </select>
  <select id="selectUserList" parameterType="java.util.Map" resultMap="BaseResultMap">
  	select 
    <include refid="Base_Column_List" />
    from sys_user
    <where>
      <if test="name != null" >
        and name = #{name,jdbcType=VARCHAR}
      </if>
      <if test="roleId != null" >
        and role_id = #{roleId,jdbcType=INTEGER}
      </if>
      <if test="status != null" >
        and status = #{status,jdbcType=TINYINT}
      </if>
      order by ctime desc
    </where>
  </select>
  <select id="selectUserCount" parameterType="java.util.Map" resultType="java.lang.Integer">
  	select 
    count(*)
    from sys_user
    <where>
      <if test="name != null" >
        and name = #{name,jdbcType=VARCHAR}
      </if>
      <if test="roleId != null" >
        and role_id = #{roleId,jdbcType=INTEGER}
      </if>
      <if test="status != null" >
        and status = #{status,jdbcType=TINYINT}
      </if>
    </where>
  </select>
</mapper>